2017-09-01,vendredi
2017-09-02,samedi
2017-09-03,dimanche
2017-09-04,lundi
2017-09-05,mardi
2017-09-06,mercredi
2017-09-07,jeudi
2017-09-08,vendredi
2017-09-09,samedi
2017-09-10,dimanche
2017-09-11,lundi
2017-09-12,mardi
2017-09-13,mercredi
2017-09-14,jeudi
2017-09-15,vendredi
2017-09-16,samedi
2017-09-17,dimanche
2017-09-18,lundi
2017-09-19,mardi
2017-09-20,mercredi
2017-09-21,jeudi
2017-09-22,vendredi
2017-09-23,samedi
2017-09-24,dimanche
2017-09-25,lundi
2017-09-26,mardi
2017-09-27,mercredi
2017-09-28,jeudi
2017-09-29,vendredi
2017-09-30,samedi
2017-10-01,dimanche
2017-10-02,lundi
2017-10-03,mardi
2017-10-04,mercredi
2017-10-05,jeudi
2017-10-06,vendredi
2017-10-07,samedi
2017-10-08,dimanche
2017-10-09,lundi
2017-10-10,mardi
2017-10-11,mercredi
2017-10-12,jeudi
2017-10-13,vendredi
2017-10-14,samedi
2017-10-15,dimanche
2017-10-16,lundi
2017-10-17,mardi
2017-10-18,mercredi
2017-10-19,jeudi
2017-10-20,vendredi
2017-10-21,samedi
2017-10-22,dimanche
2017-10-23,lundi
2017-10-24,mardi
2017-10-25,mercredi
2017-10-26,jeudi
2017-10-27,vendredi
2017-10-28,samedi
2017-10-29,dimanche
2017-10-30,lundi
2017-10-31,mardi
2017-11-01,mercredi
2017-11-02,jeudi
2017-11-03,vendredi
2017-11-04,samedi
2017-11-05,dimanche
2017-11-06,lundi
2017-11-07,mardi
2017-11-08,mercredi
2017-11-09,jeudi
2017-11-10,vendredi
2017-11-11,samedi
2017-11-12,dimanche
2017-11-13,lundi
2017-11-14,mardi
2017-11-15,mercredi
2017-11-16,jeudi
2017-11-17,vendredi
2017-11-18,samedi
2017-11-19,dimanche
2017-11-20,lundi
2017-11-21,mardi
2017-11-22,mercredi
2017-11-23,jeudi
2017-11-24,vendredi
2017-11-25,samedi
2017-11-26,dimanche
2017-11-27,lundi
2017-11-28,mardi
2017-11-29,mercredi
2017-11-30,jeudi
2017-12-01,vendredi
2017-12-02,samedi
2017-12-03,dimanche
2017-12-04,lundi
2017-12-05,mardi
2017-12-06,mercredi
2017-12-07,jeudi
2017-12-08,vendredi
2017-12-09,samedi
2017-12-10,dimanche
2017-12-11,lundi
2017-12-12,mardi
2017-12-13,mercredi
2017-12-14,jeudi
2017-12-15,vendredi
2017-12-16,samedi
2017-12-17,dimanche
2017-12-18,lundi
2017-12-19,mardi
2017-12-20,mercredi
2017-12-21,jeudi
2017-12-22,vendredi
2017-12-23,samedi
2017-12-24,dimanche
2017-12-25,lundi
2017-12-26,mardi
2017-12-27,mercredi
2017-12-28,jeudi
2017-12-29,vendredi
2017-12-30,samedi
2017-12-31,dimanche
2018-01-01,lundi
2018-01-02,mardi
2018-01-03,mercredi
2018-01-04,jeudi
2018-01-05,vendredi
2018-01-06,samedi
2018-01-07,dimanche
2018-01-08,lundi
2018-01-09,mardi
2018-01-10,mercredi
2018-01-11,jeudi
2018-01-12,vendredi
2018-01-13,samedi
2018-01-14,dimanche
2018-01-15,lundi
2018-01-16,mardi
2018-01-17,mercredi
2018-01-18,jeudi
2018-01-19,vendredi
2018-01-20,samedi
2018-01-21,dimanche
2018-01-22,lundi
2018-01-23,mardi
2018-01-24,mercredi
2018-01-25,jeudi
2018-01-26,vendredi
2018-01-27,samedi
2018-01-28,dimanche
2018-01-29,lundi
2018-01-30,mardi
2018-01-31,mercredi
2018-02-01,jeudi
2018-02-02,vendredi
2018-02-03,samedi
2018-02-04,dimanche
2018-02-05,lundi
2018-02-06,mardi
2018-02-07,mercredi
2018-02-08,jeudi
2018-02-09,vendredi
2018-02-10,samedi
2018-02-11,dimanche
2018-02-12,lundi
2018-02-13,mardi
2018-02-14,mercredi
2018-02-15,jeudi
2018-02-16,vendredi
2018-02-17,samedi
2018-02-18,dimanche
2018-02-19,lundi
2018-02-20,mardi
2018-02-21,mercredi
2018-02-22,jeudi
2018-02-23,vendredi
2018-02-24,samedi
2018-02-25,dimanche
2018-02-26,lundi
2018-02-27,mardi
2018-02-28,mercredi
2018-03-01,jeudi
2018-03-02,vendredi
2018-03-03,samedi
2018-03-04,dimanche
2018-03-05,lundi
2018-03-06,mardi
2018-03-07,mercredi
2018-03-08,jeudi
2018-03-09,vendredi
2018-03-10,samedi
2018-03-11,dimanche
2018-03-12,lundi
2018-03-13,mardi
2018-03-14,mercredi
2018-03-15,jeudi
2018-03-16,vendredi
2018-03-17,samedi
2018-03-18,dimanche
2018-03-19,lundi
2018-03-20,mardi
2018-03-21,mercredi
2018-03-22,jeudi
2018-03-23,vendredi
2018-03-24,samedi
2018-03-25,dimanche
2018-03-26,lundi
2018-03-27,mardi
2018-03-28,mercredi
2018-03-29,jeudi
2018-03-30,vendredi
2018-04-01,samedi
2018-04-02,dimanche
2018-04-03,lundi
2018-04-04,mardi
2018-04-05,mercredi
2018-04-06,jeudi
2018-04-07,vendredi
2018-04-08,samedi
2018-04-09,dimanche
2018-04-10,lundi
2018-04-11,mardi
2018-04-12,mercredi
2018-04-13,jeudi
2018-04-14,vendredi
2018-04-15,samedi
2018-04-16,dimanche
2018-04-17,lundi
2018-04-18,mardi
2018-04-19,mercredi
2018-04-20,jeudi
2018-04-21,vendredi
2018-04-22,samedi
2018-04-23,dimanche
2018-04-24,lundi
2018-04-25,mardi
2018-04-26,mercredi
2018-04-27,jeudi
2018-04-28,vendredi
2018-04-29,samedi
2018-04-30,dimanche
2018-05-01,lundi
